{
  "project_info": {
    "project_number": "817652886908",
    "project_id": "android2023-27807",
    "storage_bucket": "android2023-27807.appspot.com"
  },
  "client": [
    {
      "client_info": {
        "mobilesdk_app_id": "1:817652886908:android:caf04ce868baa5e33048f9",
        "android_client_info": {
          "package_name": "com.ile.vjezba4"
        }
      },
      "oauth_client": [],
      "api_key": [
        {
          "current_key": "AIzaSyAra8R9bZGlvEE8llOrD4X71xGkfjrtN1w"
        }
      ],
      "services": {
        "appinvite_service": {
          "other_platform_oauth_client": []
        }
      }
    }
  ],
  "configuration_version": "1"
}